Reel Link,Date
https://www.instagram.com/chloerhawkinss/reel/Cf6s_pNjoYg/,2022-07-12 15:28:52+00:00
https://www.instagram.com/chloerhawkinss/reel/ChnZKWEv8Z1/,2022-08-23 20:32:13+00:00
https://www.instagram.com/chloerhawkinss/reel/ClcV8klAz_6/,2022-11-26 23:38:06+00:00
https://www.instagram.com/chloerhawkinss/reel/Cl7CRcJpjrE/,2022-12-08 21:42:24+00:00
https://www.instagram.com/chloerhawkinss/reel/CmX9S-hjmn2/,2022-12-20 03:16:59+00:00
https://www.instagram.com/chloerhawkinss/reel/Cm0EqHbo0vr/,2022-12-31 01:19:59+00:00
https://www.instagram.com/chloerhawkinss/reel/Cm-NL8Rq5cj/,2023-01-03 23:47:14+00:00
https://www.instagram.com/chloerhawkinss/reel/CnIjgh7IzNb/,2023-01-08 00:14:17+00:00
https://www.instagram.com/chloerhawkinss/reel/CnVGSuYISnD/,2023-01-12 21:10:02+00:00
https://www.instagram.com/chloerhawkinss/reel/CnpUYGPKwNW/,2023-01-20 17:37:13+00:00
https://www.instagram.com/chloerhawkinss/reel/Cn0LYHXNawC/,2023-01-24 22:50:25+00:00
https://www.instagram.com/chloerhawkinss/reel/Cn-f9Kfr29X/,2023-01-28 23:02:52+00:00
https://www.instagram.com/chloerhawkinss/reel/CoNysLpJYb2/,2023-02-03 21:34:45+00:00
https://www.instagram.com/chloerhawkinss/reel/CodK3UUJK7H/,2023-02-09 20:54:53+00:00
https://www.instagram.com/chloerhawkinss/reel/Co5fIbHJH3w/,2023-02-20 20:50:13+00:00
https://www.instagram.com/chloerhawkinss/reel/CpD8d69vy4n/,2023-02-24 22:19:04+00:00
https://www.instagram.com/chloerhawkinss/reel/Cpa-f8kJkJV/,2023-03-05 21:03:56+00:00
https://www.instagram.com/chloerhawkinss/reel/Cpi_s3iJ711/,2023-03-08 23:45:02+00:00
https://www.instagram.com/chloerhawkinss/reel/CpjQbSpjqfa/,2023-03-09 02:11:11+00:00
https://www.instagram.com/chloerhawkinss/reel/Cp2q5_oLmfD/,2023-03-16 15:07:07+00:00
https://www.instagram.com/chloerhawkinss/reel/CqYrwaAp51Q/,2023-03-29 20:09:07+00:00
https://www.instagram.com/chloerhawkinss/reel/CqlgukDJsWr/,2023-04-03 19:42:58+00:00
https://www.instagram.com/chloerhawkinss/reel/Cqsq74Lu6Cq/,2023-04-06 14:26:43+00:00
https://www.instagram.com/chloerhawkinss/reel/Cq3wfIox9tF/,2023-04-10 21:47:07+00:00
https://www.instagram.com/chloerhawkinss/reel/Cq6FIAqJun_/,2023-04-11 19:25:04+00:00
https://www.instagram.com/chloerhawkinss/reel/CrCGXkkPqD6/,2023-04-14 22:10:43+00:00
https://www.instagram.com/chloerhawkinss/reel/CrRZV9HpMF7/,2023-04-20 20:44:23+00:00
https://www.instagram.com/chloerhawkinss/reel/Crb4TlTuHI_/,2023-04-24 22:27:44+00:00
https://www.instagram.com/chloerhawkinss/reel/CrmCJePJy4N/,2023-04-28 21:05:41+00:00
https://www.instagram.com/chloerhawkinss/reel/CrwWfSqJbtT/,2023-05-02 21:15:46+00:00
https://www.instagram.com/chloerhawkinss/reel/CryObLAKwu_/,2023-05-03 14:47:29+00:00
https://www.instagram.com/chloerhawkinss/reel/Cr9NZBYJSrD/,2023-05-07 21:06:37+00:00
https://www.instagram.com/chloerhawkinss/reel/CsCblD9JxX2/,2023-05-09 21:46:46+00:00
https://www.instagram.com/chloerhawkinss/reel/CsPMtk8pnWO/,2023-05-14 20:46:48+00:00
https://www.instagram.com/chloerhawkinss/reel/CsXaKh0r74W/,2023-05-18 01:21:58+00:00
https://www.instagram.com/chloerhawkinss/reel/Csb8bL2pBpM/,2023-05-19 19:34:38+00:00
https://www.instagram.com/chloerhawkinss/reel/CskYlO2rmCx/,2023-05-23 02:15:01+00:00
https://www.instagram.com/chloerhawkinss/reel/Csml798vaNL/,2023-05-23 22:51:21+00:00
https://www.instagram.com/chloerhawkinss/reel/Csrc-s7JtMk/,2023-05-25 20:08:17+00:00
https://www.instagram.com/chloerhawkinss/reel/Cs7Bl0Cpi5p/,2023-05-31 21:16:49+00:00
https://www.instagram.com/chloerhawkinss/reel/Cs_nF1AN7GJ/,2023-06-02 16:01:35+00:00
https://www.instagram.com/chloerhawkinss/reel/CtIIAqGvP1O/,2023-06-05 23:22:27+00:00
https://www.instagram.com/chloerhawkinss/reel/CtPEil9LAGD/,2023-06-08 16:06:59+00:00
https://www.instagram.com/chloerhawkinss/reel/CtPPdIKu6AD/,2023-06-08 17:43:20+00:00
https://www.instagram.com/chloerhawkinss/reel/CtVQ1EuAvva/,2023-06-11 01:51:55+00:00
https://www.instagram.com/chloerhawkinss/reel/CtXWtkRJweG/,2023-06-11 21:19:50+00:00
https://www.instagram.com/chloerhawkinss/reel/Cte-pmcRecq/,2023-06-14 20:23:35+00:00
https://www.instagram.com/chloerhawkinss/reel/CtfMA2cugtK/,2023-06-14 22:21:40+00:00
https://www.instagram.com/chloerhawkinss/reel/CtkW0GpPWTY/,2023-06-16 22:31:03+00:00
https://www.instagram.com/chloerhawkinss/reel/Ct4nU1IJiVR/,2023-06-24 19:23:24+00:00
https://www.instagram.com/chloerhawkinss/reel/CuDCyEDJnGo/,2023-06-28 20:33:15+00:00
https://www.instagram.com/chloerhawkinss/reel/CuPdbkJPp91/,2023-07-03 16:16:23+00:00
https://www.instagram.com/chloerhawkinss/reel/CuU-YyMpSb4/,2023-07-05 19:42:00+00:00
https://www.instagram.com/chloerhawkinss/reel/Cuh6xDupZub/,2023-07-10 20:18:18+00:00
https://www.instagram.com/chloerhawkinss/reel/CuuWPqrNYXA/,2023-07-15 16:09:45+00:00
https://www.instagram.com/chloerhawkinss/reel/CuxKGe3J57a/,2023-07-16 18:21:08+00:00
https://www.instagram.com/chloerhawkinss/reel/Cu2qb2yPij-/,2023-07-18 21:39:55+00:00
https://www.instagram.com/chloerhawkinss/reel/CvII5Abuxg-/,2023-07-25 16:35:22+00:00
https://www.instagram.com/chloerhawkinss/reel/CvNSNPbsy2-/,2023-07-27 16:30:00+00:00
https://www.instagram.com/chloerhawkinss/reel/CvQLryzJwfH/,2023-07-28 19:31:29+00:00
https://www.instagram.com/chloerhawkinss/reel/CvTG2_uuqQh/,2023-07-29 22:47:36+00:00
https://www.instagram.com/chloerhawkinss/reel/CvfZMsCNp0i/,2023-08-03 17:17:56+00:00
https://www.instagram.com/chloerhawkinss/reel/CvuulsQuTAQ/,2023-08-09 16:13:35+00:00
https://www.instagram.com/chloerhawkinss/reel/CvxU34gv3WU/,2023-08-10 16:27:03+00:00
https://www.instagram.com/chloerhawkinss/reel/Cv5A3DHp2Sb/,2023-08-13 16:05:31+00:00
https://www.instagram.com/chloerhawkinss/reel/CwAxCN0rei9/,2023-08-16 16:20:00+00:00
https://www.instagram.com/chloerhawkinss/reel/CwD6YzvJ9Ul/,2023-08-17 21:40:39+00:00
https://www.instagram.com/chloerhawkinss/reel/CwLZL0ipbYm/,2023-08-20 19:24:23+00:00
https://www.instagram.com/chloerhawkinss/reel/CwSv_rso8yW/,2023-08-23 15:58:42+00:00
https://www.instagram.com/chloerhawkinss/reel/CwTaDfSI95M/,2023-08-23 22:06:17+00:00
https://www.instagram.com/chloerhawkinss/reel/CwgPStkoFPB/,2023-08-28 21:42:25+00:00
https://www.instagram.com/chloerhawkinss/reel/Cwvn1BsJ2Xd/,2023-09-03 21:07:36+00:00
https://www.instagram.com/chloerhawkinss/reel/Cwxw-dtLsBI/,2023-09-04 17:04:01+00:00
https://www.instagram.com/chloerhawkinss/reel/Cw6KFrZrCJ5/,2023-09-07 23:18:39+00:00
https://www.instagram.com/chloerhawkinss/reel/Cw-5GLlJFaI/,2023-09-09 19:24:34+00:00
https://www.instagram.com/chloerhawkinss/reel/CxDrw4YLbYj/,2023-09-11 16:05:39+00:00
https://www.instagram.com/chloerhawkinss/reel/CxMXnQDLoxt/,2023-09-15 01:03:38+00:00
https://www.instagram.com/chloerhawkinss/reel/CxvZqjMrJLC/,2023-09-28 15:33:01+00:00
https://www.instagram.com/chloerhawkinss/reel/Cx3t8UDpWrZ/,2023-10-01 21:05:14+00:00
https://www.instagram.com/chloerhawkinss/reel/Cx_nLDALF8i/,2023-10-04 22:38:52+00:00
https://www.instagram.com/chloerhawkinss/reel/CyGoglTrkqz/,2023-10-07 16:05:29+00:00
https://www.instagram.com/chloerhawkinss/reel/CyJgm0cJMR2/,2023-10-08 18:54:40+00:00
https://www.instagram.com/chloerhawkinss/reel/CyROSy2pQde/,2023-10-11 18:47:59+00:00
https://www.instagram.com/chloerhawkinss/reel/CyZNWiiJT5p/,2023-10-14 21:13:27+00:00
https://www.instagram.com/chloerhawkinss/reel/Cyge2Gwr6Pk/,2023-10-17 17:00:49+00:00
https://www.instagram.com/chloerhawkinss/reel/CyoKKhKLE7Z/,2023-10-20 16:37:24+00:00
https://www.instagram.com/chloerhawkinss/reel/CywBeRYunGC/,2023-10-23 17:52:46+00:00
https://www.instagram.com/chloerhawkinss/reel/Cy6V4urJyRS/,2023-10-27 18:06:30+00:00
https://www.instagram.com/chloerhawkinss/reel/CzB91lxLDCz/,2023-10-30 17:06:30+00:00
https://www.instagram.com/chloerhawkinss/reel/CzKCw3fpJvo/,2023-11-02 20:23:34+00:00
https://www.instagram.com/chloerhawkinss/reel/CzZtD2qLjjN/,2023-11-08 22:22:31+00:00
https://www.instagram.com/chloerhawkinss/reel/CzwVlfBro3-/,2023-11-17 17:19:01+00:00
https://www.instagram.com/chloerhawkinss/reel/Czy5D_2L2_F/,2023-11-18 17:09:40+00:00
https://www.instagram.com/chloerhawkinss/reel/Cz2RyJWLXic/,2023-11-20 00:43:19+00:00
https://www.instagram.com/chloerhawkinss/reel/Cz7ULi9rLn6/,2023-11-21 23:41:07+00:00
https://www.instagram.com/chloerhawkinss/reel/Cz9b3EDpgZO/,2023-11-22 19:25:34+00:00
https://www.instagram.com/chloerhawkinss/reel/C0HlDukrg5n/,2023-11-26 17:58:10+00:00
https://www.instagram.com/chloerhawkinss/reel/C0KYC4ypEkJ/,2023-11-27 20:02:21+00:00
https://www.instagram.com/chloerhawkinss/reel/C0PU1q3rsjy/,2023-11-29 18:09:04+00:00
https://www.instagram.com/chloerhawkinss/reel/C0XJgEjpJoc/,2023-12-02 19:05:33+00:00
https://www.instagram.com/chloerhawkinss/reel/C0cCUg5L-la/,2023-12-04 16:37:14+00:00
https://www.instagram.com/chloerhawkinss/reel/C0j0Q9oLCwL/,2023-12-07 17:08:50+00:00
https://www.instagram.com/chloerhawkinss/reel/C0mcJNKLnyH/,2023-12-08 17:37:26+00:00
https://www.instagram.com/chloerhawkinss/reel/C0uIW7ArgeP/,2023-12-11 17:17:01+00:00
https://www.instagram.com/chloerhawkinss/reel/C0w_YO3pIHn/,2023-12-12 19:57:44+00:00
https://www.instagram.com/chloerhawkinss/reel/C00NU2yrbeH/,2023-12-14 01:56:39+00:00
https://www.instagram.com/chloerhawkinss/reel/C04zfXmS-i7/,2023-12-15 20:47:18+00:00
https://www.instagram.com/chloerhawkinss/reel/C1BCUs-rxtF/,2023-12-19 01:30:28+00:00
https://www.instagram.com/chloerhawkinss/reel/C1F9U8kLiHL/,2023-12-20 23:21:35+00:00
https://www.instagram.com/chloerhawkinss/reel/C1H9hj2rUug/,2023-12-21 18:02:32+00:00
https://www.instagram.com/chloerhawkinss/reel/C1UvDN6LcLx/,2023-12-26 17:07:13+00:00
https://www.instagram.com/chloerhawkinss/reel/C1Z8qd4LA-8/,2023-12-28 17:41:30+00:00
https://www.instagram.com/chloerhawkinss/reel/C1xo_pvL5bZ/,2024-01-06 22:30:32+00:00
https://www.instagram.com/chloerhawkinss/reel/C12uPFvJDKz/,2024-01-08 21:52:42+00:00
https://www.instagram.com/chloerhawkinss/reel/C2Il3M1pE-v/,2024-01-15 20:25:43+00:00
https://www.instagram.com/chloerhawkinss/reel/C2NQhYOLjZJ/,2024-01-17 15:55:24+00:00
https://www.instagram.com/chloerhawkinss/reel/C2SWJ7bLA2C/,2024-01-19 15:21:16+00:00
https://www.instagram.com/chloerhawkinss/reel/C2VWwIYJHPw/,2024-01-20 19:29:31+00:00
https://www.instagram.com/chloerhawkinss/reel/C2c0yN3r6Px/,2024-01-23 17:02:00+00:00
https://www.instagram.com/chloerhawkinss/reel/C2fc6f1LnBD/,2024-01-24 17:33:10+00:00
https://www.instagram.com/chloerhawkinss/reel/C2kgSy2L6P9/,2024-01-26 16:36:45+00:00
https://www.instagram.com/chloerhawkinss/reel/C2qS8a6rVCk/,2024-01-28 22:35:05+00:00
https://www.instagram.com/chloerhawkinss/reel/C2sVuP4rKjr/,2024-01-29 17:38:20+00:00
https://www.instagram.com/chloerhawkinss/reel/C2vbMTLLQgx/,2024-01-30 22:24:09+00:00
https://www.instagram.com/chloerhawkinss/reel/C2z6vkPL1Bk/,2024-02-01 16:15:34+00:00
https://www.instagram.com/chloerhawkinss/reel/C2-PavzrsRZ/,2024-02-05 16:28:57+00:00
https://www.instagram.com/chloerhawkinss/reel/C3BWx5dJxFA/,2024-02-06 21:31:20+00:00
https://www.instagram.com/chloerhawkinss/reel/C3LLTrFr0TC/,2024-02-10 17:03:43+00:00
https://www.instagram.com/chloerhawkinss/reel/C3Sy_efLPO_/,2024-02-13 16:04:20+00:00
https://www.instagram.com/chloerhawkinss/reel/C3frZUMLUIa/,2024-02-18 16:09:56+00:00
https://www.instagram.com/chloerhawkinss/reel/C3vibiQJ1qi/,2024-02-24 20:01:44+00:00
https://www.instagram.com/chloerhawkinss/reel/C30jPm7p-_g/,2024-02-26 18:43:49+00:00
https://www.instagram.com/chloerhawkinss/reel/C38JqVjL6mh/,2024-02-29 17:34:28+00:00
https://www.instagram.com/chloerhawkinss/reel/C4D4D8DL_Is/,2024-03-03 17:32:04+00:00
https://www.instagram.com/chloerhawkinss/reel/C4EW68rLB4i/,2024-03-03 22:02:08+00:00
https://www.instagram.com/chloerhawkinss/reel/C4Ggp2drF5d/,2024-03-04 18:05:39+00:00
https://www.instagram.com/chloerhawkinss/reel/C4O46ZULXW0/,2024-03-08 00:17:37+00:00
https://www.instagram.com/chloerhawkinss/reel/C4YPaKHuna-/,2024-03-11 15:21:06+00:00
https://www.instagram.com/chloerhawkinss/reel/C4fzBQxrvwl/,2024-03-14 13:47:14+00:00
https://www.instagram.com/chloerhawkinss/reel/C4ifBxALcoM/,2024-03-15 14:50:02+00:00
https://www.instagram.com/chloerhawkinss/reel/C4vYrhxrwQ5/,2024-03-20 15:04:44+00:00
https://www.instagram.com/chloerhawkinss/reel/C45-7KMLHYc/,2024-03-24 17:52:08+00:00
https://www.instagram.com/chloerhawkinss/reel/C4_fRR2pkjD/,2024-03-26 21:11:12+00:00
https://www.instagram.com/chloerhawkinss/reel/C5EZ8v8pIqG/,2024-03-28 19:00:04+00:00
https://www.instagram.com/chloerhawkinss/reel/C5JTTACLkH2/,2024-03-30 16:38:41+00:00
https://www.instagram.com/chloerhawkinss/reel/C5OWdloLNtc/,2024-04-01 15:42:02+00:00
https://www.instagram.com/chloerhawkinss/reel/C5eQfDeJNP1/,2024-04-07 19:57:18+00:00
https://www.instagram.com/chloerhawkinss/reel/C5lfOQsrBU-/,2024-04-10 15:20:45+00:00
https://www.instagram.com/chloerhawkinss/reel/C5mJd3XJ8eJ/,2024-04-10 21:28:55+00:00
https://www.instagram.com/chloerhawkinss/reel/C5oJRnYLsNh/,2024-04-11 16:05:00+00:00
https://www.instagram.com/chloerhawkinss/reel/C51RX33pU29/,2024-04-16 18:27:23+00:00
https://www.instagram.com/chloerhawkinss/reel/C53vb-friPu/,2024-04-17 17:28:51+00:00
https://www.instagram.com/chloerhawkinss/reel/C58vkFALRwP/,2024-04-19 16:05:09+00:00
https://www.instagram.com/chloerhawkinss/reel/C6B41iwLHxk/,2024-04-21 16:03:26+00:00
https://www.instagram.com/chloerhawkinss/reel/C6EasgZLRMo/,2024-04-22 15:37:22+00:00
https://www.instagram.com/chloerhawkinss/reel/C6EhaSiJ127/,2024-04-22 16:35:00+00:00
https://www.instagram.com/chloerhawkinss/reel/C6JnnParA3L/,2024-04-24 16:07:09+00:00
https://www.instagram.com/chloerhawkinss/reel/C6MQWWerqFF/,2024-04-25 16:40:00+00:00
https://www.instagram.com/chloerhawkinss/reel/C6WfgMmryVp/,2024-04-29 16:05:52+00:00
https://www.instagram.com/chloerhawkinss/reel/C6jPjD2rWNa/,2024-05-04 14:58:11+00:00
https://www.instagram.com/chloerhawkinss/reel/C6pdUWMru7w/,2024-05-07 00:52:15+00:00
https://www.instagram.com/chloerhawkinss/reel/C6rETUDMXzc/,2024-05-07 15:52:28+00:00
https://www.instagram.com/chloerhawkinss/reel/C6zD6bIrvjh/,2024-05-10 18:25:55+00:00
https://www.instagram.com/chloerhawkinss/reel/C6_q-DhrXSy/,2024-05-15 15:55:43+00:00
https://www.instagram.com/chloerhawkinss/reel/C7Cf1ZLL-6-/,2024-05-16 18:15:31+00:00
https://www.instagram.com/chloerhawkinss/reel/C7RvkjGsqWr/,2024-05-22 16:20:00+00:00
https://www.instagram.com/chloerhawkinss/reel/C7UnpQzvt-Q/,2024-05-23 19:11:03+00:00
https://www.instagram.com/chloerhawkinss/reel/C7Zc691xXpa/,2024-05-25 16:12:41+00:00
https://www.instagram.com/chloerhawkinss/reel/C7b77UEpgaw/,2024-05-26 15:23:08+00:00
https://www.instagram.com/chloerhawkinss/reel/C7elff9JTtt/,2024-05-27 16:03:24+00:00
https://www.instagram.com/chloerhawkinss/reel/C8FX2inpLgC/,2024-06-11 17:34:33+00:00
https://www.instagram.com/chloerhawkinss/reel/C8M8xlhOtLb/,2024-06-14 16:12:21+00:00
https://www.instagram.com/chloerhawkinss/reel/C8Uw3-hJfR8/,2024-06-17 17:06:50+00:00
https://www.instagram.com/chloerhawkinss/reel/C8XaucYpbse/,2024-06-18 17:46:01+00:00
https://www.instagram.com/chloerhawkinss/reel/C8cmqdxpnKk/,2024-06-20 18:06:18+00:00
https://www.instagram.com/chloerhawkinss/reel/C8cw7DsSozg/,2024-06-20 19:37:04+00:00
https://www.instagram.com/chloerhawkinss/reel/C8e21DMsmM6/,2024-06-21 15:06:38+00:00
https://www.instagram.com/chloerhawkinss/reel/C8e-2F0MqKa/,2024-06-21 16:15:00+00:00
https://www.instagram.com/chloerhawkinss/reel/C8kTOW7JZuU/,2024-06-23 17:52:57+00:00
https://www.instagram.com/chloerhawkinss/reel/C8mrpqgutcR/,2024-06-24 16:02:37+00:00
https://www.instagram.com/chloerhawkinss/reel/C8pak3sJcXb/,2024-06-25 17:30:38+00:00
https://www.instagram.com/chloerhawkinss/reel/C8r_Zsvp2di/,2024-06-26 17:31:19+00:00
https://www.instagram.com/chloerhawkinss/reel/C8u4aDuhcpV/,2024-06-27 20:29:23+00:00
https://www.instagram.com/chloerhawkinss/reel/C8xARHRuGyt/,2024-06-28 16:15:16+00:00
https://www.instagram.com/chloerhawkinss/reel/C8xWyrFycYo/,2024-06-28 19:32:25+00:00
https://www.instagram.com/chloerhawkinss/reel/C87h_0kpNuT/,2024-07-02 18:23:48+00:00
https://www.instagram.com/chloerhawkinss/reel/C9K2wCyJCRV/,2024-07-08 17:12:38+00:00
https://www.instagram.com/chloerhawkinss/reel/C9LCWn_puQ-/,2024-07-08 18:53:08+00:00
https://www.instagram.com/chloerhawkinss/reel/C9NVLsvJ0VU/,2024-07-09 16:16:04+00:00
https://www.instagram.com/chloerhawkinss/reel/C9P9G_UJnol/,2024-07-10 16:43:25+00:00
https://www.instagram.com/chloerhawkinss/reel/C9Sd3qKpS7W/,2024-07-11 16:09:42+00:00
https://www.instagram.com/chloerhawkinss/reel/C9S3Ib6yGvg/,2024-07-11 19:49:55+00:00
https://www.instagram.com/chloerhawkinss/reel/C9X5VQzJ59c/,2024-07-13 18:44:38+00:00
https://www.instagram.com/chloerhawkinss/reel/C9aiGx9yAx1/,2024-07-14 19:19:00+00:00
https://www.instagram.com/chloerhawkinss/reel/C9cy1jNpGdN/,2024-07-15 16:24:10+00:00
https://www.instagram.com/chloerhawkinss/reel/C9dMaY8ShU9/,2024-07-15 20:07:32+00:00
https://www.instagram.com/chloerhawkinss/reel/C9fSBYUJhk-/,2024-07-16 15:35:11+00:00
https://www.instagram.com/chloerhawkinss/reel/C9oTqBQsuHK/,2024-07-20 03:42:03+00:00
https://www.instagram.com/chloerhawkinss/reel/C9sOKHYpawS/,2024-07-21 16:13:22+00:00
https://www.instagram.com/chloerhawkinss/reel/C9vlbcrskyQ/,2024-07-22 23:32:17+00:00
https://www.instagram.com/chloerhawkinss/reel/C9vmIhesZ8Q/,2024-07-22 23:39:06+00:00
https://www.instagram.com/chloerhawkinss/reel/C9xXxYVp4XW/,2024-07-23 16:11:28+00:00
https://www.instagram.com/chloerhawkinss/reel/C9yD5WRyk0C/,2024-07-23 22:37:27+00:00
https://www.instagram.com/chloerhawkinss/reel/C92g647pBTI/,2024-07-25 16:08:23+00:00
https://www.instagram.com/chloerhawkinss/reel/C981J6SsHzg/,2024-07-28 03:02:04+00:00
https://www.instagram.com/chloerhawkinss/reel/C-A4xiipEOu/,2024-07-29 16:50:27+00:00
https://www.instagram.com/chloerhawkinss/reel/C-BkDM_yRI7/,2024-07-29 23:07:12+00:00
https://www.instagram.com/chloerhawkinss/reel/C-F9jnMJ3eX/,2024-07-31 16:07:21+00:00
https://www.instagram.com/chloerhawkinss/reel/C-XxWJ_O6t2/,2024-08-07 14:06:54+00:00
https://www.instagram.com/chloerhawkinss/reel/C-X-UhFJPbx/,2024-08-07 15:59:13+00:00
https://www.instagram.com/chloerhawkinss/reel/C-ahxR_psxr/,2024-08-08 15:48:29+00:00
https://www.instagram.com/chloerhawkinss/reel/C-ocucZsR71/,2024-08-14 01:33:36+00:00
https://www.instagram.com/chloerhawkinss/reel/C-pnDEeJFcJ/,2024-08-14 12:23:14+00:00
https://www.instagram.com/chloerhawkinss/reel/C-snwS5pN3m/,2024-08-15 16:27:55+00:00
https://www.instagram.com/chloerhawkinss/reel/C-yhpsyS4ju/,2024-08-17 23:28:40+00:00
https://www.instagram.com/chloerhawkinss/reel/C--d98jJ6cU/,2024-08-22 14:47:46+00:00
https://www.instagram.com/chloerhawkinss/reel/C_B6Trqy2rN/,2024-08-23 22:52:21+00:00
https://www.instagram.com/chloerhawkinss/reel/C_EQrWuSqfa/,2024-08-24 20:46:31+00:00
https://www.instagram.com/chloerhawkinss/reel/C_HERhxy-zJ/,2024-08-25 22:55:00+00:00
https://www.instagram.com/chloerhawkinss/reel/C_I5AOXJg9P/,2024-08-26 15:58:44+00:00
https://www.instagram.com/chloerhawkinss/reel/C_TnCley5-N/,2024-08-30 19:50:16+00:00
https://www.instagram.com/chloerhawkinss/reel/C_YdvZKpbTs/,2024-09-01 17:05:05+00:00
https://www.instagram.com/chloerhawkinss/reel/C_boiOOy2hY/,2024-09-02 22:37:41+00:00
https://www.instagram.com/chloerhawkinss/reel/C_dp3j4pgum/,2024-09-03 17:28:20+00:00
https://www.instagram.com/chloerhawkinss/reel/C_lUbe7J9Es/,2024-09-06 16:53:52+00:00
https://www.instagram.com/chloerhawkinss/reel/C_s-Z_tpLIF/,2024-09-09 16:16:40+00:00
https://www.instagram.com/chloerhawkinss/reel/C_vdbS-pqAq/,2024-09-10 15:25:40+00:00
https://www.instagram.com/chloerhawkinss/reel/C_5-Ry7pZZO/,2024-09-14 17:25:14+00:00
https://www.instagram.com/chloerhawkinss/reel/C__Re6XyY_t/,2024-09-16 18:48:52+00:00
https://www.instagram.com/chloerhawkinss/reel/DAL1F2CJb9-/,2024-09-21 15:51:41+00:00
https://www.instagram.com/chloerhawkinss/reel/DARDxG_pMuR/,2024-09-23 16:35:02+00:00
https://www.instagram.com/chloerhawkinss/reel/DAWLwClp1xM/,2024-09-25 16:20:00+00:00
https://www.instagram.com/chloerhawkinss/reel/DAYwC_9pPQv/,2024-09-26 16:16:41+00:00
https://www.instagram.com/chloerhawkinss/reel/DAepbJmSIIJ/,2024-09-28 23:15:18+00:00
https://www.instagram.com/chloerhawkinss/reel/DAggDDlpBek/,2024-09-29 16:30:40+00:00
https://www.instagram.com/chloerhawkinss/reel/DAjH5xkp7Q0/,2024-09-30 16:58:00+00:00
https://www.instagram.com/chloerhawkinss/reel/DAqjvk_Ja6Q/,2024-10-03 14:16:02+00:00
https://www.instagram.com/chloerhawkinss/reel/DA1E83rJFCz/,2024-10-07 16:18:01+00:00
https://www.instagram.com/chloerhawkinss/reel/DA9F58Zykzs/,2024-10-10 19:01:36+00:00
https://www.instagram.com/chloerhawkinss/reel/DA_ddYHy-U6/,2024-10-11 17:06:48+00:00
https://www.instagram.com/chloerhawkinss/reel/DBEmUXopilV/,2024-10-13 16:58:59+00:00
https://www.instagram.com/chloerhawkinss/reel/DBMunUQyUAQ/,2024-10-16 20:44:29+00:00
https://www.instagram.com/chloerhawkinss/reel/DBRhFwepdaa/,2024-10-18 17:24:22+00:00
https://www.instagram.com/chloerhawkinss/reel/DBUbWrsSZnE/,2024-10-19 20:31:20+00:00
https://www.instagram.com/chloerhawkinss/reel/DBW017HyTV9/,2024-10-20 18:53:53+00:00
https://www.instagram.com/chloerhawkinss/reel/DBnH7LpMXyy/,2024-10-27 02:47:20+00:00
https://www.instagram.com/chloerhawkinss/reel/DBttYQxp6HQ/,2024-10-29 16:09:30+00:00
https://www.instagram.com/chloerhawkinss/reel/DB37iUeJpvY/,2024-11-02 15:26:05+00:00
https://www.instagram.com/chloerhawkinss/reel/DB6x7RGyrCs/,2024-11-03 17:59:34+00:00
https://www.instagram.com/chloerhawkinss/reel/DCuLsbGpgue/,2024-11-23 17:05:44+00:00
https://www.instagram.com/chloerhawkinss/reel/DC15-jypxqM/,2024-11-26 17:04:43+00:00
https://www.instagram.com/chloerhawkinss/reel/DDHzJrqJ3AM/,2024-12-03 15:50:41+00:00
https://www.instagram.com/chloerhawkinss/reel/DDKjlo1JKb9/,2024-12-04 17:36:01+00:00
https://www.instagram.com/chloerhawkinss/reel/DDQYzwES4cV/,2024-12-06 23:54:32+00:00
https://www.instagram.com/chloerhawkinss/reel/DDSXb-VytC-/,2024-12-07 18:21:08+00:00
https://www.instagram.com/chloerhawkinss/reel/DDXZut2Jn6V/,2024-12-09 17:17:15+00:00
https://www.instagram.com/chloerhawkinss/reel/DDcnUlYSegt/,2024-12-11 17:52:49+00:00
https://www.instagram.com/chloerhawkinss/reel/DDe4VB-OfS3/,2024-12-12 14:59:40+00:00
https://www.instagram.com/chloerhawkinss/reel/DDktvN6yRFP/,2024-12-14 21:23:16+00:00
https://www.instagram.com/chloerhawkinss/reel/DDm6NGlSbL0/,2024-12-15 17:49:39+00:00
https://www.instagram.com/chloerhawkinss/reel/DDsBww0JceT/,2024-12-17 17:31:40+00:00
https://www.instagram.com/chloerhawkinss/reel/DDudT6qpe4z/,2024-12-18 16:12:09+00:00
https://www.instagram.com/chloerhawkinss/reel/DDxJkhbJ_n6/,2024-12-19 17:15:30+00:00
https://www.instagram.com/chloerhawkinss/reel/DDz0abnS8ih/,2024-12-20 18:09:01+00:00
https://www.instagram.com/chloerhawkinss/reel/DD-LZJkyLT4/,2024-12-24 18:41:43+00:00
https://www.instagram.com/chloerhawkinss/reel/DEBmMIkMe5Q/,2024-12-26 02:34:25+00:00
https://www.instagram.com/chloerhawkinss/reel/DEC-zyaJ9hK/,2024-12-26 15:28:17+00:00
https://www.instagram.com/chloerhawkinss/reel/DELKu8CSwLD/,2024-12-29 19:45:55+00:00
https://www.instagram.com/chloerhawkinss/reel/DEkrkAKpHSK/,2025-01-08 17:33:59+00:00
https://www.instagram.com/chloerhawkinss/reel/DEvC2COyUsX/,2025-01-12 18:10:07+00:00
https://www.instagram.com/chloerhawkinss/reel/DExdta4p8Dx/,2025-01-13 16:43:49+00:00
https://www.instagram.com/chloerhawkinss/reel/DE0ErauJNm8/,2025-01-14 17:02:29+00:00
https://www.instagram.com/chloerhawkinss/reel/DE2bNSCBAPN/,2025-01-15 14:58:05+00:00
https://www.instagram.com/chloerhawkinss/reel/DE3M2vdyjkt/,2025-01-15 22:11:21+00:00
https://www.instagram.com/chloerhawkinss/reel/DE5AYw2usqO/,2025-01-16 15:02:26+00:00
https://www.instagram.com/chloerhawkinss/reel/DE8IsAiSCHm/,2025-01-17 20:12:04+00:00
https://www.instagram.com/chloerhawkinss/reel/DE9DlNAgmVD/,2025-01-18 04:46:01+00:00
https://www.instagram.com/chloerhawkinss/reel/DE-ldEoSuDp/,2025-01-18 19:03:05+00:00
https://www.instagram.com/chloerhawkinss/reel/DFAtpJJpt3t/,2025-01-19 14:51:31+00:00
https://www.instagram.com/chloerhawkinss/reel/DFDj5zlpNhn/,2025-01-20 17:24:21+00:00
https://www.instagram.com/chloerhawkinss/reel/DFGLSRGSQDj/,2025-01-21 17:46:39+00:00
https://www.instagram.com/chloerhawkinss/reel/DFMCSaASj3Q/,2025-01-24 00:23:47+00:00
https://www.instagram.com/chloerhawkinss/reel/DFQahP-JW9Q/,2025-01-25 17:14:09+00:00
https://www.instagram.com/chloerhawkinss/reel/DFVl9QCJD-D/,2025-01-27 17:29:05+00:00
https://www.instagram.com/chloerhawkinss/reel/DFYDW4zplU5/,2025-01-28 16:24:38+00:00
https://www.instagram.com/chloerhawkinss/reel/DFdq0AyyHd7/,2025-01-30 20:44:17+00:00
https://www.instagram.com/chloerhawkinss/reel/DFf6_2spTbt/,2025-01-31 17:45:05+00:00
https://www.instagram.com/chloerhawkinss/reel/DFvPN5vJkky/,2025-02-06 16:29:42+00:00
https://www.instagram.com/chloerhawkinss/reel/DFyDT4USIc2/,2025-02-07 18:43:51+00:00
https://www.instagram.com/chloerhawkinss/reel/DFzHAFCMy9E/,2025-02-08 04:34:49+00:00
https://www.instagram.com/chloerhawkinss/reel/DF-z7VtJ8Qb/,2025-02-12 17:39:26+00:00
https://www.instagram.com/chloerhawkinss/reel/DGB6e5hSf5n/,2025-02-13 22:34:35+00:00
https://www.instagram.com/chloerhawkinss/reel/DGCNzV4sUiD/,2025-02-14 01:22:42+00:00
https://www.instagram.com/chloerhawkinss/reel/DGGRQ-Lufqq/,2025-02-15 15:09:39+00:00
https://www.instagram.com/chloerhawkinss/reel/DGL8vy1y05B/,2025-02-17 20:08:07+00:00
https://www.instagram.com/chloerhawkinss/reel/DGTH6LJOze5/,2025-02-20 14:58:03+00:00
https://www.instagram.com/chloerhawkinss/reel/DGWVJGXS-hj/,2025-02-21 20:51:37+00:00
https://www.instagram.com/chloerhawkinss/reel/DGcCFevpiUo/,2025-02-24 02:01:23+00:00
https://www.instagram.com/chloerhawkinss/reel/DGmhDLvMZRR/,2025-02-28 03:43:09+00:00
https://www.instagram.com/chloerhawkinss/reel/DGoHSJxSw5o/,2025-02-28 18:36:51+00:00
https://www.instagram.com/chloerhawkinss/reel/DGth-_ASrWo/,2025-03-02 21:06:03+00:00
https://www.instagram.com/chloerhawkinss/reel/DGvga10ONaa/,2025-03-03 15:31:07+00:00
https://www.instagram.com/chloerhawkinss/reel/DGviqwVu-2d/,2025-03-03 15:50:45+00:00
https://www.instagram.com/chloerhawkinss/reel/DGy4vwpy9Qw/,2025-03-04 23:03:55+00:00
https://www.instagram.com/chloerhawkinss/reel/DG3oBzXSIs3/,2025-03-06 19:12:18+00:00
https://www.instagram.com/chloerhawkinss/reel/DG6FRfmpCKb/,2025-03-07 18:05:42+00:00
https://www.instagram.com/chloerhawkinss/reel/DG8jTbDJKq3/,2025-03-08 17:06:08+00:00
https://www.instagram.com/chloerhawkinss/reel/DHCI6VrySJf/,2025-03-10 21:12:18+00:00
https://www.instagram.com/chloerhawkinss/reel/DHEh1ERSzrH/,2025-03-11 19:27:44+00:00
https://www.instagram.com/chloerhawkinss/reel/DHEx6KRyC1V/,2025-03-11 21:48:50+00:00
https://www.instagram.com/chloerhawkinss/reel/DHPN9crywLE/,2025-03-15 23:05:40+00:00
https://www.instagram.com/chloerhawkinss/reel/DHWvCg0StnN/,2025-03-18 21:10:14+00:00
https://www.instagram.com/chloerhawkinss/reel/DHbabFbJ7cp/,2025-03-20 16:45:18+00:00
https://www.instagram.com/chloerhawkinss/reel/DHeD0zWpTfS/,2025-03-21 17:26:03+00:00
https://www.instagram.com/chloerhawkinss/reel/DHgnWqbJQ9k/,2025-03-22 17:14:13+00:00
https://www.instagram.com/chloerhawkinss/reel/DHjM6Gnp7vG/,2025-03-23 17:23:41+00:00
https://www.instagram.com/chloerhawkinss/reel/DHoKEO_Mo8C/,2025-03-25 15:32:53+00:00
https://www.instagram.com/chloerhawkinss/reel/DHoz0DPyONJ/,2025-03-25 21:37:38+00:00
https://www.instagram.com/chloerhawkinss/reel/DHrN67Lyjh0/,2025-03-26 20:03:50+00:00
https://www.instagram.com/chloerhawkinss/reel/DHtPGP5Mu-y/,2025-03-27 14:52:49+00:00
https://www.instagram.com/chloerhawkinss/reel/DHukbMoskj_/,2025-03-28 03:18:23+00:00
https://www.instagram.com/chloerhawkinss/reel/DHvr4kSMoLh/,2025-03-28 13:43:17+00:00
https://www.instagram.com/chloerhawkinss/reel/DHyU8bGsO4a/,2025-03-29 14:19:55+00:00
https://www.instagram.com/chloerhawkinss/reel/DH9C1tgSpac/,2025-04-02 18:15:55+00:00
https://www.instagram.com/chloerhawkinss/reel/DH9MG-9SyDc/,2025-04-02 19:34:23+00:00
https://www.instagram.com/chloerhawkinss/reel/DH_Voe8MsUn/,2025-04-03 15:36:16+00:00
https://www.instagram.com/chloerhawkinss/reel/DIBkwsoO0Xw/,2025-04-04 12:26:52+00:00
https://www.instagram.com/chloerhawkinss/reel/DICArKvpJDy/,2025-04-04 16:31:05+00:00
https://www.instagram.com/chloerhawkinss/reel/DIHOiqAJKPk/,2025-04-06 17:07:55+00:00
https://www.instagram.com/chloerhawkinss/reel/DIJwHj6pP1f/,2025-04-07 16:40:02+00:00
https://www.instagram.com/chloerhawkinss/reel/DIO0QUQsXgy/,2025-04-09 15:52:14+00:00
https://www.instagram.com/chloerhawkinss/reel/DIO2-vzOUpI/,2025-04-09 16:16:20+00:00
https://www.instagram.com/chloerhawkinss/reel/DIPrFFfyufF/,2025-04-09 23:51:04+00:00
https://www.instagram.com/chloerhawkinss/reel/DIRazBZJP6Q/,2025-04-10 16:07:16+00:00
https://www.instagram.com/chloerhawkinss/reel/DIT4zrFupfv/,2025-04-11 15:08:26+00:00
https://www.instagram.com/chloerhawkinss/reel/DIWjAarMO8M/,2025-04-12 15:56:04+00:00
https://www.instagram.com/chloerhawkinss/reel/DIXNeq0uaVi/,2025-04-12 22:12:30+00:00
https://www.instagram.com/chloerhawkinss/reel/DIY_aFzMCbg/,2025-04-13 14:45:31+00:00
https://www.instagram.com/chloerhawkinss/reel/DIbs01IJLO-/,2025-04-14 15:58:51+00:00
https://www.instagram.com/chloerhawkinss/reel/DIcJ2Qfy1nk/,2025-04-14 20:13:04+00:00
https://www.instagram.com/chloerhawkinss/reel/DIg6Ufhub1y/,2025-04-16 16:33:21+00:00
https://www.instagram.com/chloerhawkinss/reel/DIjwa75zLT1/,2025-04-17 19:02:50+00:00
https://www.instagram.com/chloerhawkinss/reel/DIo5uKEzqP7/,2025-04-19 19:00:07+00:00
https://www.instagram.com/chloerhawkinss/reel/DIt1EuspD4J/,2025-04-21 16:55:54+00:00
https://www.instagram.com/chloerhawkinss/reel/DIt2QeQJWSd/,2025-04-21 17:06:19+00:00
https://www.instagram.com/chloerhawkinss/reel/DIwRKQoMx_G/,2025-04-22 15:39:52+00:00
https://www.instagram.com/chloerhawkinss/reel/DIy7NJPs94W/,2025-04-23 16:30:23+00:00
https://www.instagram.com/chloerhawkinss/reel/DI11Rq0SY64/,2025-04-24 19:31:26+00:00
https://www.instagram.com/chloerhawkinss/reel/DI4Vyt9S4CL/,2025-04-25 18:54:14+00:00
https://www.instagram.com/chloerhawkinss/reel/DI6oQ77u5UQ/,2025-04-26 16:13:49+00:00
https://www.instagram.com/chloerhawkinss/reel/DI9TaENpfKF/,2025-04-27 17:09:34+00:00
https://www.instagram.com/chloerhawkinss/reel/DI_1wNbpVEN/,2025-04-28 16:49:32+00:00
https://www.instagram.com/chloerhawkinss/reel/DI_4FbdJ-ea/,2025-04-28 17:10:40+00:00
https://www.instagram.com/chloerhawkinss/reel/DJFDrdPJXDJ/,2025-04-30 17:26:04+00:00
https://www.instagram.com/chloerhawkinss/reel/DJHP_SOucvd/,2025-05-01 13:52:55+00:00
https://www.instagram.com/chloerhawkinss/reel/DJHRdhsO028/,2025-05-01 14:04:50+00:00
https://www.instagram.com/chloerhawkinss/reel/DJM2EMHptKH/,2025-05-03 18:00:55+00:00
https://www.instagram.com/chloerhawkinss/reel/DJPd156SN4q/,2025-05-04 18:26:53+00:00
https://www.instagram.com/chloerhawkinss/reel/DJR-F_7pqJO/,2025-05-05 17:47:59+00:00
https://www.instagram.com/chloerhawkinss/reel/DJXNNO9Sdm0/,2025-05-07 18:38:04+00:00
https://www.instagram.com/chloerhawkinss/reel/DJZW9JPOEPT/,2025-05-08 14:40:30+00:00
https://www.instagram.com/chloerhawkinss/reel/DJfAQL_SKQL/,2025-05-10 19:17:39+00:00
https://www.instagram.com/chloerhawkinss/reel/DJhsi4SSGvS/,2025-05-11 20:21:54+00:00
https://www.instagram.com/chloerhawkinss/reel/DJjsD0dODrE/,2025-05-12 14:56:11+00:00
https://www.instagram.com/chloerhawkinss/reel/DJnNsQVyJ4w/,2025-05-13 23:47:27+00:00
https://www.instagram.com/chloerhawkinss/reel/DJrnm-spkNp/,2025-05-15 16:51:06+00:00
https://www.instagram.com/chloerhawkinss/reel/DJr5kl5yrJn/,2025-05-15 19:28:20+00:00
https://www.instagram.com/chloerhawkinss/reel/DJugwnlSJ1H/,2025-05-16 19:51:03+00:00
https://www.instagram.com/chloerhawkinss/reel/DJxJ1W1SC8F/,2025-05-17 20:27:28+00:00
https://www.instagram.com/chloerhawkinss/reel/DJ2K7lfyRzv/,2025-05-19 19:11:59+00:00
https://www.instagram.com/chloerhawkinss/reel/DJ4m5zhJzCF/,2025-05-20 17:56:30+00:00
https://www.instagram.com/chloerhawkinss/reel/DJ9m9KZuuAf/,2025-05-22 16:32:01+00:00
https://www.instagram.com/chloerhawkinss/reel/DKASMYRJxgf/,2025-05-23 17:28:05+00:00
https://www.instagram.com/chloerhawkinss/reel/DKC1CcsutK9/,2025-05-24 17:10:46+00:00
https://www.instagram.com/chloerhawkinss/reel/DKF-YWlS-dS/,2025-05-25 22:30:41+00:00
https://www.instagram.com/chloerhawkinss/reel/DKH4jeMuHOa/,2025-05-26 16:17:47+00:00
https://www.instagram.com/chloerhawkinss/reel/DKNBe03NJwu/,2025-05-28 16:12:25+00:00
https://www.instagram.com/chloerhawkinss/reel/DKPq45BOtFQ/,2025-05-29 16:52:34+00:00
https://www.instagram.com/chloerhawkinss/reel/DKSXI8XSfAR/,2025-05-30 17:57:49+00:00
https://www.instagram.com/chloerhawkinss/reel/DKceBZWtlEx/,2025-06-03 16:10:02+00:00
https://www.instagram.com/chloerhawkinss/reel/DKfgEcJyg6i/,2025-06-04 20:25:56+00:00
https://www.instagram.com/chloerhawkinss/reel/DKiCqCbSJek/,2025-06-05 20:06:17+00:00
https://www.instagram.com/chloerhawkinss/reel/DKsBl17s1o2/,2025-06-09 17:10:27+00:00
https://www.instagram.com/chloerhawkinss/reel/DKw6OJgMIjp/,2025-06-11 14:41:28+00:00
https://www.instagram.com/chloerhawkinss/reel/DKzv5jOMyrt/,2025-06-12 17:11:43+00:00
https://www.instagram.com/chloerhawkinss/reel/DK2Q6eUsjJO/,2025-06-13 16:35:44+00:00
https://www.instagram.com/chloerhawkinss/reel/DK3IxqNMBLU/,2025-06-14 00:44:46+00:00
https://www.instagram.com/chloerhawkinss/reel/DK47jtQMSUt/,2025-06-14 17:26:59+00:00
https://www.instagram.com/chloerhawkinss/reel/DLAa1ydMYfZ/,2025-06-17 15:15:21+00:00
https://www.instagram.com/chloerhawkinss/reel/DLAnP4Tsp-w/,2025-06-17 17:03:14+00:00
https://www.instagram.com/chloerhawkinss/reel/DLFsBL2sXCY/,2025-06-19 16:21:06+00:00
https://www.instagram.com/chloerhawkinss/reel/DLJUUTds2yS/,2025-06-21 02:11:07+00:00
https://www.instagram.com/chloerhawkinss/reel/DLNV30ZMuIe/,2025-06-22 15:41:40+00:00
https://www.instagram.com/chloerhawkinss/reel/DLXw33-MiX6/,2025-06-26 16:49:49+00:00
https://www.instagram.com/chloerhawkinss/reel/DLXzalJsaUe/,2025-06-26 17:12:22+00:00
https://www.instagram.com/chloerhawkinss/reel/DLfg8Ccp-Xs/,2025-06-29 17:07:41+00:00
https://www.instagram.com/chloerhawkinss/reel/DLiNYPfpOWS/,2025-06-30 18:11:20+00:00
https://www.instagram.com/chloerhawkinss/reel/DLkyZP7p8Oq/,2025-07-01 18:15:15+00:00
https://www.instagram.com/chloerhawkinss/reel/DLm_cT7ulNs/,2025-07-02 14:49:38+00:00
https://www.instagram.com/chloerhawkinss/reel/DLs4b74S3Ur/,2025-07-04 21:40:05+00:00
https://www.instagram.com/chloerhawkinss/reel/DLxjEqGsOA0/,2025-07-06 17:09:36+00:00
https://www.instagram.com/chloerhawkinss/reel/DL0ExuospOE/,2025-07-07 16:49:24+00:00
https://www.instagram.com/chloerhawkinss/reel/DL2yybYJAGQ/,2025-07-08 18:03:05+00:00
https://www.instagram.com/chloerhawkinss/reel/DL5Y-Y2Jrec/,2025-07-09 18:15:19+00:00
https://www.instagram.com/chloerhawkinss/reel/DL7zbu8MSmr/,2025-07-10 16:47:07+00:00
https://www.instagram.com/chloerhawkinss/reel/DL-alk0sKA5/,2025-07-11 17:05:27+00:00
