Reel Link,Date
https://www.instagram.com/libbyvalentini/reel/Cr_GTaGuXH0/,2023-05-08 14:48:29+00:00
https://www.instagram.com/libbyvalentini/reel/Cw8thzOME1N/,2023-09-08 23:08:02+00:00
https://www.instagram.com/libbyvalentini/reel/Cyg7U7suFSP/,2023-10-17 21:18:08+00:00
https://www.instagram.com/libbyvalentini/reel/C4-0RLmMqF2/,2024-03-26 14:53:29+00:00
https://www.instagram.com/libbyvalentini/reel/C5HG3jCPzDG/,2024-03-29 20:09:45+00:00
https://www.instagram.com/libbyvalentini/reel/C5Jw1M_PyAD/,2024-03-30 20:54:57+00:00
https://www.instagram.com/libbyvalentini/reel/C5MYR41PhMz/,2024-03-31 21:18:07+00:00
https://www.instagram.com/libbyvalentini/reel/C5RwoIAsbCv/,2024-04-02 23:27:09+00:00
https://www.instagram.com/libbyvalentini/reel/C5Uxo8NMQhZ/,2024-04-04 03:34:36+00:00
https://www.instagram.com/libbyvalentini/reel/C5gM1WVL1j0/,2024-04-08 14:03:06+00:00
https://www.instagram.com/libbyvalentini/reel/C5q_HWBOWYG/,2024-04-12 18:34:46+00:00
https://www.instagram.com/libbyvalentini/reel/C54Hesdv2H3/,2024-04-17 20:57:55+00:00
https://www.instagram.com/libbyvalentini/reel/C580mFxrtEk/,2024-04-19 16:49:09+00:00
https://www.instagram.com/libbyvalentini/reel/C6EgL3urdmM/,2024-04-22 16:24:51+00:00
https://www.instagram.com/libbyvalentini/reel/C6JNqoqL6EC/,2024-04-24 12:19:10+00:00
https://www.instagram.com/libbyvalentini/reel/C6MAraurBeE/,2024-04-25 14:27:26+00:00
https://www.instagram.com/libbyvalentini/reel/C6OmwHrLw55/,2024-04-26 14:34:31+00:00
https://www.instagram.com/libbyvalentini/reel/C6RLbNwr2Mz/,2024-04-27 14:33:27+00:00
https://www.instagram.com/libbyvalentini/reel/C6UT7AJP7yW/,2024-04-28 19:45:23+00:00
https://www.instagram.com/libbyvalentini/reel/C6bWgMUr8HT/,2024-05-01 13:22:46+00:00
https://www.instagram.com/libbyvalentini/reel/C6d_jt4rBu6/,2024-05-02 13:59:53+00:00
https://www.instagram.com/libbyvalentini/reel/C6gosdNLOg8/,2024-05-03 14:37:46+00:00
https://www.instagram.com/libbyvalentini/reel/C6lypKtrO7a/,2024-05-05 14:40:58+00:00
https://www.instagram.com/libbyvalentini/reel/C6mxck2sWeg/,2024-05-05 23:49:44+00:00
https://www.instagram.com/libbyvalentini/reel/C69Z5-Gul0U/,2024-05-14 18:46:36+00:00
https://www.instagram.com/libbyvalentini/reel/C7HNPlWrXfL/,2024-05-18 14:08:20+00:00
https://www.instagram.com/libbyvalentini/reel/C7MZI00Lx0A/,2024-05-20 14:32:37+00:00
https://www.instagram.com/libbyvalentini/reel/C7RjQicMhSF/,2024-05-22 14:34:27+00:00
https://www.instagram.com/libbyvalentini/reel/C7WtIo_MQoL/,2024-05-24 14:35:35+00:00
https://www.instagram.com/libbyvalentini/reel/C7ZR5Ngsp-f/,2024-05-25 14:36:17+00:00
https://www.instagram.com/libbyvalentini/reel/C7hB6U_sdks/,2024-05-28 14:49:35+00:00
https://www.instagram.com/libbyvalentini/reel/C7joDu_M44m/,2024-05-29 15:01:25+00:00
https://www.instagram.com/libbyvalentini/reel/C7mNRv9sIHX/,2024-05-30 15:05:19+00:00
https://www.instagram.com/libbyvalentini/reel/C7rYBaIslcG/,2024-06-01 15:15:15+00:00
https://www.instagram.com/libbyvalentini/reel/C7y_bc6sf9S/,2024-06-04 14:14:11+00:00
https://www.instagram.com/libbyvalentini/reel/C74QIOmsD3A/,2024-06-06 15:16:16+00:00
https://www.instagram.com/libbyvalentini/reel/C7_6WX7Mt5S/,2024-06-09 14:39:58+00:00
https://www.instagram.com/libbyvalentini/reel/C8CfufsslJT/,2024-06-10 14:45:34+00:00
https://www.instagram.com/libbyvalentini/reel/C8HkC1VMoyq/,2024-06-12 13:59:02+00:00
https://www.instagram.com/libbyvalentini/reel/C8KLqgQM5sD/,2024-06-13 14:23:38+00:00
https://www.instagram.com/libbyvalentini/reel/C8MxXRZsvHy/,2024-06-14 14:31:45+00:00
https://www.instagram.com/libbyvalentini/reel/C8PYXL8MFHs/,2024-06-15 14:51:08+00:00
https://www.instagram.com/libbyvalentini/reel/C8Uf_aHMuno/,2024-06-17 14:33:44+00:00
https://www.instagram.com/libbyvalentini/reel/C8XF8-OM1vh/,2024-06-18 14:44:06+00:00
https://www.instagram.com/libbyvalentini/reel/C8eu0xqsIHk/,2024-06-21 13:56:42+00:00
https://www.instagram.com/libbyvalentini/reel/C8hW6nCM1Zp/,2024-06-22 14:24:30+00:00
https://www.instagram.com/libbyvalentini/reel/C8maL9pskfD/,2024-06-24 13:29:15+00:00
https://www.instagram.com/libbyvalentini/reel/C8pEelssQl4/,2024-06-25 14:17:18+00:00
https://www.instagram.com/libbyvalentini/reel/C8roBtGsZld/,2024-06-26 14:06:23+00:00
https://www.instagram.com/libbyvalentini/reel/C8uR6gYsFz4/,2024-06-27 14:50:57+00:00
https://www.instagram.com/libbyvalentini/reel/C8w5oA8sarT/,2024-06-28 15:16:28+00:00
https://www.instagram.com/libbyvalentini/reel/C8zgkBysdK3/,2024-06-29 15:35:11+00:00
https://www.instagram.com/libbyvalentini/reel/C84sA_OMat2/,2024-07-01 15:51:40+00:00
https://www.instagram.com/libbyvalentini/reel/C89oHkgsn2J/,2024-07-03 13:53:37+00:00
https://www.instagram.com/libbyvalentini/reel/C9AN11fsMuA/,2024-07-04 14:01:39+00:00
https://www.instagram.com/libbyvalentini/reel/C9Cy-ByMUvB/,2024-07-05 14:04:37+00:00
https://www.instagram.com/libbyvalentini/reel/C9ID3tCsBON/,2024-07-07 15:08:30+00:00
https://www.instagram.com/libbyvalentini/reel/C9KrOdfMR0N/,2024-07-08 15:30:49+00:00
https://www.instagram.com/libbyvalentini/reel/C9PovK6OLgf/,2024-07-10 13:45:40+00:00
https://www.instagram.com/libbyvalentini/reel/C9SP0SmsKIP/,2024-07-11 14:05:16+00:00
https://www.instagram.com/libbyvalentini/reel/C9XYaU8O3no/,2024-07-13 13:56:33+00:00
https://www.instagram.com/libbyvalentini/reel/C9c7QAtOIcw/,2024-07-15 17:37:15+00:00
https://www.instagram.com/libbyvalentini/reel/C9fo_iJPyUS/,2024-07-16 18:55:20+00:00
https://www.instagram.com/libbyvalentini/reel/C949n_xMjjc/,2024-07-26 14:56:39+00:00
https://www.instagram.com/libbyvalentini/reel/C97jkJesxr_/,2024-07-27 15:07:30+00:00
https://www.instagram.com/libbyvalentini/reel/C-AvyZKsvF-/,2024-07-29 15:29:41+00:00
https://www.instagram.com/libbyvalentini/reel/C-FwSjgOnJl/,2024-07-31 14:10:23+00:00
https://www.instagram.com/libbyvalentini/reel/C-IVbNLuOkU/,2024-08-01 14:13:22+00:00
https://www.instagram.com/libbyvalentini/reel/C-QC6p7Mcbt/,2024-08-04 14:05:39+00:00
https://www.instagram.com/libbyvalentini/reel/C-S1GIfMTWt/,2024-08-05 16:02:21+00:00
https://www.instagram.com/libbyvalentini/reel/C-X1PjusXs_/,2024-08-07 14:39:52+00:00
https://www.instagram.com/libbyvalentini/reel/C-c8SofuNPs/,2024-08-09 14:17:47+00:00
https://www.instagram.com/libbyvalentini/reel/C-fmCMcs_6v/,2024-08-10 15:00:53+00:00
https://www.instagram.com/libbyvalentini/reel/C-iLJBPuyIO/,2024-08-11 15:03:35+00:00
https://www.instagram.com/libbyvalentini/reel/C-nXzRcO6Ml/,2024-08-13 15:30:44+00:00
https://www.instagram.com/libbyvalentini/reel/C-sXHFrOAtA/,2024-08-15 14:00:38+00:00
https://www.instagram.com/libbyvalentini/reel/C-u9rsCO5Vy/,2024-08-16 14:16:25+00:00
https://www.instagram.com/libbyvalentini/reel/C-xj2yLsYPN/,2024-08-17 14:28:24+00:00
https://www.instagram.com/libbyvalentini/reel/C-2v-VAuX_n/,2024-08-19 14:50:22+00:00
https://www.instagram.com/libbyvalentini/reel/C-5WlsEu_1B/,2024-08-20 15:06:20+00:00
https://www.instagram.com/libbyvalentini/reel/C-78CmoOiZu/,2024-08-21 15:11:53+00:00
https://www.instagram.com/libbyvalentini/reel/C--g7AbAIfg/,2024-08-22 15:12:40+00:00
https://www.instagram.com/libbyvalentini/reel/C_Dd431ucia/,2024-08-24 13:22:27+00:00
https://www.instagram.com/libbyvalentini/reel/C_GFZzDOX6b/,2024-08-25 13:46:11+00:00
https://www.instagram.com/libbyvalentini/reel/C_ItRJBu-nb/,2024-08-26 14:12:59+00:00
https://www.instagram.com/libbyvalentini/reel/C_LR0KtOkuG/,2024-08-27 14:14:05+00:00
https://www.instagram.com/libbyvalentini/reel/C_QlaX_u7ZC/,2024-08-29 15:38:15+00:00
https://www.instagram.com/libbyvalentini/reel/C_VmR2EuDS_/,2024-08-31 14:22:00+00:00
https://www.instagram.com/libbyvalentini/reel/C_YO0u1OdTc/,2024-09-01 14:54:47+00:00
https://www.instagram.com/libbyvalentini/reel/C_dVo5NuPIa/,2024-09-03 14:30:30+00:00
https://www.instagram.com/libbyvalentini/reel/C_f6zLtO-7u/,2024-09-04 14:33:47+00:00
https://www.instagram.com/libbyvalentini/reel/C_ig6WOOSI0/,2024-09-05 14:45:13+00:00
https://www.instagram.com/libbyvalentini/reel/C_lGD5HOVse/,2024-09-06 14:48:22+00:00
https://www.instagram.com/libbyvalentini/reel/C_nrVy4uUNe/,2024-09-07 14:52:33+00:00
https://www.instagram.com/libbyvalentini/reel/C_qRFDouOLA/,2024-09-08 15:00:58+00:00
https://www.instagram.com/libbyvalentini/reel/C_s6UXNuXyA/,2024-09-09 15:41:23+00:00
https://www.instagram.com/libbyvalentini/reel/C_vhPssOgWt/,2024-09-10 15:58:13+00:00
https://www.instagram.com/libbyvalentini/reel/C_0fC1BO0y0/,2024-09-12 14:15:14+00:00
https://www.instagram.com/libbyvalentini/reel/C_3FEmruJCA/,2024-09-13 14:26:07+00:00
https://www.instagram.com/libbyvalentini/reel/C_5x4zUOMZj/,2024-09-14 15:36:43+00:00
https://www.instagram.com/libbyvalentini/reel/C_8QRc4OD0D/,2024-09-15 14:40:05+00:00
https://www.instagram.com/libbyvalentini/reel/C_-30OHOSas/,2024-09-16 15:04:06+00:00
https://www.instagram.com/libbyvalentini/reel/DABg00bO82k/,2024-09-17 15:40:55+00:00
https://www.instagram.com/libbyvalentini/reel/DAEGGZQO20Q/,2024-09-18 15:45:05+00:00
https://www.instagram.com/libbyvalentini/reel/DAJAmIaOkAJ/,2024-09-20 13:33:16+00:00
https://www.instagram.com/libbyvalentini/reel/DALsRK1uzxz/,2024-09-21 14:33:21+00:00
https://www.instagram.com/libbyvalentini/reel/DAOSiVAOzEO/,2024-09-22 14:46:14+00:00
https://www.instagram.com/libbyvalentini/reel/DATXO8GuP7N/,2024-09-24 14:03:27+00:00
https://www.instagram.com/libbyvalentini/reel/DAV90yQOkaM/,2024-09-25 14:19:14+00:00
https://www.instagram.com/libbyvalentini/reel/DAbFU4zuERI/,2024-09-27 14:00:58+00:00
https://www.instagram.com/libbyvalentini/reel/DAds8pHuUgP/,2024-09-28 14:26:00+00:00
https://www.instagram.com/libbyvalentini/reel/DAgUBE3O1qv/,2024-09-29 14:45:27+00:00
https://www.instagram.com/libbyvalentini/reel/DAljQaOvSuC/,2024-10-01 15:34:52+00:00
https://www.instagram.com/libbyvalentini/reel/DAqjYx5vfF_/,2024-10-03 14:12:25+00:00
https://www.instagram.com/libbyvalentini/reel/DAtItFZOcPG/,2024-10-04 14:17:08+00:00
https://www.instagram.com/libbyvalentini/reel/DAvtoY1uQa5/,2024-10-05 14:19:08+00:00
https://www.instagram.com/libbyvalentini/reel/DAyTuBUOyYu/,2024-10-06 14:29:12+00:00
https://www.instagram.com/libbyvalentini/reel/DA05RmAumdH/,2024-10-07 14:35:52+00:00
https://www.instagram.com/libbyvalentini/reel/DA3gA3EOnyD/,2024-10-08 14:52:53+00:00
https://www.instagram.com/libbyvalentini/reel/DA8qL3nsMb4/,2024-10-10 14:57:59+00:00
https://www.instagram.com/libbyvalentini/reel/DA_PAb2O-LV/,2024-10-11 14:58:12+00:00
https://www.instagram.com/libbyvalentini/reel/DBB0bi0Oavu/,2024-10-12 15:03:38+00:00
https://www.instagram.com/libbyvalentini/reel/DBEbF-Gufgw/,2024-10-13 15:20:00+00:00
https://www.instagram.com/libbyvalentini/reel/DBHBg91OmlP/,2024-10-14 15:34:12+00:00
https://www.instagram.com/libbyvalentini/reel/DBJm5HgPM6M/,2024-10-15 15:39:21+00:00
https://www.instagram.com/libbyvalentini/reel/DBMM2saupQa/,2024-10-16 15:49:31+00:00
https://www.instagram.com/libbyvalentini/reel/DBO0hxiuGxH/,2024-10-17 16:14:39+00:00
https://www.instagram.com/libbyvalentini/reel/DBRbGLGOYDk/,2024-10-18 16:30:08+00:00
https://www.instagram.com/libbyvalentini/reel/DBUsxraMltk/,2024-10-19 23:02:24+00:00
https://www.instagram.com/libbyvalentini/reel/DBY4h3duySq/,2024-10-21 14:02:00+00:00
https://www.instagram.com/libbyvalentini/reel/DBbg4BeOG76/,2024-10-22 14:33:11+00:00
https://www.instagram.com/libbyvalentini/reel/DBeGUz3PWfN/,2024-10-23 14:40:15+00:00
https://www.instagram.com/libbyvalentini/reel/DBgwKZPukBJ/,2024-10-24 15:23:35+00:00
https://www.instagram.com/libbyvalentini/reel/DBjWmdNu-rw/,2024-10-25 15:37:11+00:00
https://www.instagram.com/libbyvalentini/reel/DBl7-QZu4Hl/,2024-10-26 15:42:16+00:00
https://www.instagram.com/libbyvalentini/reel/DBq51WlOebR/,2024-10-28 13:59:45+00:00
https://www.instagram.com/libbyvalentini/reel/DBthuGuO6Gi/,2024-10-29 14:27:24+00:00
https://www.instagram.com/libbyvalentini/reel/DBwHjI8uNLS/,2024-10-30 14:37:50+00:00
https://www.instagram.com/libbyvalentini/reel/DBysRU4OZoV/,2024-10-31 14:35:08+00:00
https://www.instagram.com/libbyvalentini/reel/DB1UyUwOscq/,2024-11-01 15:07:41+00:00
https://www.instagram.com/libbyvalentini/reel/DB9GRTdPPSq/,2024-11-04 15:37:41+00:00
https://www.instagram.com/libbyvalentini/reel/DB_uaQ-ujeG/,2024-11-05 16:03:56+00:00
https://www.instagram.com/libbyvalentini/reel/DCCUOD1uxNn/,2024-11-06 16:16:35+00:00
https://www.instagram.com/libbyvalentini/reel/DCE8PE-v317/,2024-11-07 16:45:13+00:00
https://www.instagram.com/libbyvalentini/reel/DCHicr8vyAJ/,2024-11-08 16:53:23+00:00
https://www.instagram.com/libbyvalentini/reel/DCKHW0XvLPH/,2024-11-09 16:54:22+00:00
https://www.instagram.com/libbyvalentini/reel/DCPEyROulQp/,2024-11-11 15:08:07+00:00
https://www.instagram.com/libbyvalentini/reel/DCW7XY8O-Qz/,2024-11-14 16:19:49+00:00
https://www.instagram.com/libbyvalentini/reel/DCZmnXoPZOA/,2024-11-15 17:16:09+00:00
https://www.instagram.com/libbyvalentini/reel/DCegQlAufOs/,2024-11-17 14:56:46+00:00
https://www.instagram.com/libbyvalentini/reel/DChF4iYOGP9/,2024-11-18 15:04:03+00:00
https://www.instagram.com/libbyvalentini/reel/DCjtOWFO6Ac/,2024-11-19 15:26:17+00:00
https://www.instagram.com/libbyvalentini/reel/DCmWge5u7FE/,2024-11-20 16:05:28+00:00
https://www.instagram.com/libbyvalentini/reel/DCo8eQauVvP/,2024-11-21 16:16:16+00:00
https://www.instagram.com/libbyvalentini/reel/DCrhmGPuhSO/,2024-11-22 16:18:34+00:00
https://www.instagram.com/libbyvalentini/reel/DCuHOsTu8bg/,2024-11-23 16:26:07+00:00
https://www.instagram.com/libbyvalentini/reel/DCwtCMkPQed/,2024-11-24 16:34:55+00:00
https://www.instagram.com/libbyvalentini/reel/DCzSTEDv3-L/,2024-11-25 16:38:54+00:00
https://www.instagram.com/libbyvalentini/reel/DC2Vzi0yud2/,2024-11-26 21:07:10+00:00
https://www.instagram.com/libbyvalentini/reel/DC613YCOi8O/,2024-11-28 15:04:16+00:00
https://www.instagram.com/libbyvalentini/reel/DC9ctVqOMMu/,2024-11-29 15:22:12+00:00
https://www.instagram.com/libbyvalentini/reel/DDFNR8FOMxn/,2024-12-02 15:41:19+00:00
https://www.instagram.com/libbyvalentini/reel/DDHyQ_juOuS/,2024-12-03 15:42:58+00:00
https://www.instagram.com/libbyvalentini/reel/DDKXW0jOT0t/,2024-12-04 15:45:33+00:00
https://www.instagram.com/libbyvalentini/reel/DDM8rddOYMQ/,2024-12-05 15:50:25+00:00
https://www.instagram.com/libbyvalentini/reel/DDPiet1u9QC/,2024-12-06 15:58:55+00:00
https://www.instagram.com/libbyvalentini/reel/DDSIumpOgJw/,2024-12-07 16:11:39+00:00
https://www.instagram.com/libbyvalentini/reel/DDUtHNHuxMV/,2024-12-08 16:13:37+00:00
https://www.instagram.com/libbyvalentini/reel/DDZ4dnCOIDN/,2024-12-10 16:23:27+00:00
https://www.instagram.com/libbyvalentini/reel/DDcd3E8OuIp/,2024-12-11 16:28:48+00:00
https://www.instagram.com/libbyvalentini/reel/DDflf0dPiY4/,2024-12-12 21:34:08+00:00
https://www.instagram.com/libbyvalentini/reel/DDkCCzjuTpJ/,2024-12-14 14:59:38+00:00
https://www.instagram.com/libbyvalentini/reel/DDmomFUuZ7u/,2024-12-15 15:14:53+00:00
https://www.instagram.com/libbyvalentini/reel/DDpOOqRO6BL/,2024-12-16 15:22:16+00:00
https://www.instagram.com/libbyvalentini/reel/DDrzW4Xu7wC/,2024-12-17 15:25:13+00:00
https://www.instagram.com/libbyvalentini/reel/DDuYx6vu22v/,2024-12-18 15:30:39+00:00
https://www.instagram.com/libbyvalentini/reel/DDw-IgCu1l1/,2024-12-19 15:35:33+00:00
https://www.instagram.com/libbyvalentini/reel/DDzlx77OVga/,2024-12-20 16:06:33+00:00
https://www.instagram.com/libbyvalentini/reel/DD2MoadODqu/,2024-12-21 16:18:26+00:00
https://www.instagram.com/libbyvalentini/reel/DD4yp70OAbj/,2024-12-22 16:29:08+00:00
https://www.instagram.com/libbyvalentini/reel/DD7YF2tOP_8/,2024-12-23 16:35:11+00:00
https://www.instagram.com/libbyvalentini/reel/DD99rYPu4YP/,2024-12-24 16:41:56+00:00
https://www.instagram.com/libbyvalentini/reel/DEIDqeruObn/,2024-12-28 14:46:24+00:00
https://www.instagram.com/libbyvalentini/reel/DENUABFucS8/,2024-12-30 15:45:21+00:00
https://www.instagram.com/libbyvalentini/reel/DEP4U9duP0t/,2024-12-31 15:51:11+00:00
https://www.instagram.com/libbyvalentini/reel/DESefj0OPa0/,2025-01-01 15:53:14+00:00
https://www.instagram.com/libbyvalentini/reel/DEVDfRfOyEp/,2025-01-02 15:54:59+00:00
https://www.instagram.com/libbyvalentini/reel/DEczeiHOApW/,2025-01-05 16:09:19+00:00
https://www.instagram.com/libbyvalentini/reel/DEfZUSAuCsR/,2025-01-06 16:18:18+00:00
https://www.instagram.com/libbyvalentini/reel/DEh-mNruJKi/,2025-01-07 16:22:25+00:00
https://www.instagram.com/libbyvalentini/reel/DEkk4ScuDaC/,2025-01-08 16:35:24+00:00
https://www.instagram.com/libbyvalentini/reel/DEnKoaeOT_a/,2025-01-09 16:43:45+00:00
https://www.instagram.com/libbyvalentini/reel/DEu88vwvbq2/,2025-01-12 17:18:08+00:00
https://www.instagram.com/libbyvalentini/reel/DFNvx-zu3Cb/,2025-01-24 16:19:30+00:00
https://www.instagram.com/libbyvalentini/reel/DFQUrmHun7E/,2025-01-25 16:20:25+00:00
https://www.instagram.com/libbyvalentini/reel/DFS50_YONN6/,2025-01-26 16:23:28+00:00
https://www.instagram.com/libbyvalentini/reel/DFVeaFBOxyj/,2025-01-27 16:21:36+00:00
https://www.instagram.com/libbyvalentini/reel/DFYDo4auLNL/,2025-01-28 16:25:42+00:00
https://www.instagram.com/libbyvalentini/reel/DFapsQcOYEJ/,2025-01-29 16:36:26+00:00
https://www.instagram.com/libbyvalentini/reel/DFdOpt-Oi8f/,2025-01-30 16:37:52+00:00
https://www.instagram.com/libbyvalentini/reel/DFiXqSiOC1z/,2025-02-01 16:37:09+00:00
https://www.instagram.com/libbyvalentini/reel/DFso7yruUH_/,2025-02-05 16:16:10+00:00
https://www.instagram.com/libbyvalentini/reel/DF-lyo3s7s7/,2025-02-12 15:34:58+00:00
https://www.instagram.com/libbyvalentini/reel/DGGXfjsu4Sc/,2025-02-15 16:03:58+00:00
https://www.instagram.com/libbyvalentini/reel/DGI9KBbOaav/,2025-02-16 16:11:34+00:00
https://www.instagram.com/libbyvalentini/reel/DGN-RuWs3Xo/,2025-02-18 14:57:31+00:00
https://www.instagram.com/libbyvalentini/reel/DGQnPp6OQcq/,2025-02-19 15:34:01+00:00
https://www.instagram.com/libbyvalentini/reel/DGV0v9QOwfZ/,2025-02-21 16:08:10+00:00
https://www.instagram.com/libbyvalentini/reel/DGbZSj9S55e/,2025-02-23 20:03:45+00:00
https://www.instagram.com/libbyvalentini/reel/DGf9TKOMyKW/,2025-02-25 14:35:21+00:00
https://www.instagram.com/libbyvalentini/reel/DGiifLtsYnz/,2025-02-26 14:38:47+00:00
https://www.instagram.com/libbyvalentini/reel/DGlMxfkOPPS/,2025-02-27 15:27:04+00:00
https://www.instagram.com/libbyvalentini/reel/DGnyxg6MQls/,2025-02-28 15:37:19+00:00
https://www.instagram.com/libbyvalentini/reel/DGqgeCEOOQy/,2025-03-01 16:58:07+00:00
https://www.instagram.com/libbyvalentini/reel/DGtHKyxOSCf/,2025-03-02 17:12:11+00:00
https://www.instagram.com/libbyvalentini/reel/DGyCwiquayB/,2025-03-04 15:09:24+00:00
https://www.instagram.com/libbyvalentini/reel/DG0na5RM61T/,2025-03-05 15:12:33+00:00
https://www.instagram.com/libbyvalentini/reel/DG3Pie2vgvl/,2025-03-06 15:37:16+00:00
https://www.instagram.com/libbyvalentini/reel/DG501QgspaT/,2025-03-07 15:42:01+00:00
https://www.instagram.com/libbyvalentini/reel/DG8bhP_MfBB/,2025-03-08 15:58:11+00:00
https://www.instagram.com/libbyvalentini/reel/DHBY8TFsOhA/,2025-03-10 14:11:50+00:00
https://www.instagram.com/libbyvalentini/reel/DHEFtNtsXto/,2025-03-11 15:21:26+00:00
https://www.instagram.com/libbyvalentini/reel/DHGu4ffM9-j/,2025-03-12 16:00:03+00:00
https://www.instagram.com/libbyvalentini/reel/DHJZNtWMmzQ/,2025-03-13 16:48:04+00:00
https://www.instagram.com/libbyvalentini/reel/DHORL0ksMbx/,2025-03-15 14:14:10+00:00
https://www.instagram.com/libbyvalentini/reel/DHQ3oErs0oe/,2025-03-16 14:28:31+00:00
https://www.instagram.com/libbyvalentini/reel/DHTrJNKsei3/,2025-03-17 16:37:16+00:00
https://www.instagram.com/libbyvalentini/reel/DHWR7DJvwjV/,2025-03-18 16:54:30+00:00
https://www.instagram.com/libbyvalentini/reel/DHbI5vJsAW6/,2025-03-20 14:16:41+00:00
https://www.instagram.com/libbyvalentini/reel/DHduyufsV6p/,2025-03-21 14:21:30+00:00
https://www.instagram.com/libbyvalentini/reel/DHgkOjPsVf8/,2025-03-22 16:46:52+00:00
https://www.instagram.com/libbyvalentini/reel/DHjZEZ4yYWV/,2025-03-23 19:07:06+00:00
https://www.instagram.com/libbyvalentini/reel/DHn6UZ_MoRB/,2025-03-25 13:14:37+00:00
https://www.instagram.com/libbyvalentini/reel/DHqjZZ9sdqs/,2025-03-26 13:52:03+00:00
https://www.instagram.com/libbyvalentini/reel/DHtNparsqpt/,2025-03-27 14:39:40+00:00
https://www.instagram.com/libbyvalentini/reel/DHv5_wqMTfs/,2025-03-28 15:46:15+00:00
https://www.instagram.com/libbyvalentini/reel/DHyfJB0sKS5/,2025-03-29 15:48:54+00:00
https://www.instagram.com/libbyvalentini/reel/DH1K-tfsh_8/,2025-03-30 16:50:22+00:00
https://www.instagram.com/libbyvalentini/reel/DH4EC6by3C3/,2025-03-31 19:47:29+00:00
https://www.instagram.com/libbyvalentini/reel/DH8itkrujeA/,2025-04-02 13:32:24+00:00
https://www.instagram.com/libbyvalentini/reel/DH_LcMisb27/,2025-04-03 14:06:46+00:00
https://www.instagram.com/libbyvalentini/reel/DIByKk0g7-k/,2025-04-04 14:23:37+00:00
https://www.instagram.com/libbyvalentini/reel/DIEbcYQsISC/,2025-04-05 15:02:48+00:00
https://www.instagram.com/libbyvalentini/reel/DIHHYZ3sYcJ/,2025-04-06 16:05:22+00:00
https://www.instagram.com/libbyvalentini/reel/DIKAlv5yoy5/,2025-04-07 19:03:38+00:00
https://www.instagram.com/libbyvalentini/reel/DIOnAJIM19U/,2025-04-09 13:56:10+00:00
https://www.instagram.com/libbyvalentini/reel/DIRPBcEsDU_/,2025-04-10 14:24:23+00:00
https://www.instagram.com/libbyvalentini/reel/DIUAyIAsy6C/,2025-04-11 16:17:42+00:00
https://www.instagram.com/libbyvalentini/reel/DIWuuQsOQlY/,2025-04-12 17:37:34+00:00
https://www.instagram.com/libbyvalentini/reel/DIZWLHGvV2f/,2025-04-13 18:00:48+00:00
https://www.instagram.com/libbyvalentini/reel/DIcCY86y29t/,2025-04-14 19:05:50+00:00
https://www.instagram.com/libbyvalentini/reel/DIeq1peObFi/,2025-04-15 19:37:36+00:00
https://www.instagram.com/libbyvalentini/reel/DIjWW2NswTt/,2025-04-17 15:17:06+00:00
https://www.instagram.com/libbyvalentini/reel/DIoiHRuscj5/,2025-04-19 15:33:45+00:00
https://www.instagram.com/libbyvalentini/reel/DIrJTvmMbCj/,2025-04-20 15:54:43+00:00
https://www.instagram.com/libbyvalentini/reel/DIt0hcSspTI/,2025-04-21 16:50:49+00:00
https://www.instagram.com/libbyvalentini/reel/DIwpFjTS0CI/,2025-04-22 19:08:35+00:00
https://www.instagram.com/libbyvalentini/reel/DI1GnB2MXoI/,2025-04-24 12:43:44+00:00
https://www.instagram.com/libbyvalentini/reel/DI32exmug6x/,2025-04-25 14:20:33+00:00
https://www.instagram.com/libbyvalentini/reel/DI6dmDNOSzX/,2025-04-26 14:40:43+00:00
https://www.instagram.com/libbyvalentini/reel/DI_dNtbOpek/,2025-04-28 13:13:42+00:00
https://www.instagram.com/libbyvalentini/reel/DJCDbMhgwfo/,2025-04-29 13:25:59+00:00
https://www.instagram.com/libbyvalentini/reel/DJEo1j6AVKB/,2025-04-30 13:31:31+00:00
https://www.instagram.com/libbyvalentini/reel/DJJ2dX1AjhD/,2025-05-02 14:06:27+00:00
https://www.instagram.com/libbyvalentini/reel/DJPBjF4g5rZ/,2025-05-04 14:19:35+00:00
https://www.instagram.com/libbyvalentini/reel/DJZZSNyAibV/,2025-05-08 14:59:23+00:00
https://www.instagram.com/libbyvalentini/reel/DJenfuXNzTN/,2025-05-10 15:39:55+00:00
https://www.instagram.com/libbyvalentini/reel/DJjl2-IgTM7/,2025-05-12 14:09:18+00:00
https://www.instagram.com/libbyvalentini/reel/DJo0730t6PB/,2025-05-14 14:49:37+00:00
https://www.instagram.com/libbyvalentini/reel/DJraFWEtadN/,2025-05-15 14:52:42+00:00
https://www.instagram.com/libbyvalentini/reel/DJwmjhGthh6/,2025-05-17 15:17:53+00:00
https://www.instagram.com/libbyvalentini/reel/DJzM7BDNcDx/,2025-05-18 15:31:39+00:00
https://www.instagram.com/libbyvalentini/reel/DJ1yp4pNHZr/,2025-05-19 15:39:54+00:00
https://www.instagram.com/libbyvalentini/reel/DJ4ecHIgtYL/,2025-05-20 16:40:55+00:00
https://www.instagram.com/libbyvalentini/reel/DJ7IDy0AbsI/,2025-05-21 17:23:02+00:00
https://www.instagram.com/libbyvalentini/reel/DJ_326LAW6z/,2025-05-23 13:37:42+00:00
https://www.instagram.com/libbyvalentini/reel/DKCfQwxN-vp/,2025-05-24 14:00:28+00:00
https://www.instagram.com/libbyvalentini/reel/DKFG_Etgs3g/,2025-05-25 14:26:06+00:00
https://www.instagram.com/libbyvalentini/reel/DKKG2qCgDe5/,2025-05-27 13:01:07+00:00
https://www.instagram.com/libbyvalentini/reel/DKMymBVNRw3/,2025-05-28 14:01:46+00:00
https://www.instagram.com/libbyvalentini/reel/DKPYBletveZ/,2025-05-29 14:07:22+00:00
https://www.instagram.com/libbyvalentini/reel/DKR-vOGtANs/,2025-05-30 14:24:10+00:00
https://www.instagram.com/libbyvalentini/reel/DKVTxaSSuBW/,2025-05-31 21:25:37+00:00
https://www.instagram.com/libbyvalentini/reel/DKcPA1ItTz8/,2025-06-03 13:58:45+00:00
https://www.instagram.com/libbyvalentini/reel/DKe1z8PMDdJ/,2025-06-04 14:16:16+00:00
https://www.instagram.com/libbyvalentini/reel/DKhiXBZx2jq/,2025-06-05 15:24:10+00:00
https://www.instagram.com/libbyvalentini/reel/DKpDjpRs4aq/,2025-06-08 13:28:47+00:00
https://www.instagram.com/libbyvalentini/reel/DKrpwGpsPpc/,2025-06-09 13:40:57+00:00
https://www.instagram.com/libbyvalentini/reel/DKuOsS9sFbs/,2025-06-10 13:42:16+00:00
https://www.instagram.com/libbyvalentini/reel/DKw0HlQMvu5/,2025-06-11 13:51:31+00:00
https://www.instagram.com/libbyvalentini/reel/DKzZuKBMSYB/,2025-06-12 13:54:50+00:00
https://www.instagram.com/libbyvalentini/reel/DK2LAXWgzlh/,2025-06-13 15:43:57+00:00
https://www.instagram.com/libbyvalentini/reel/DK4wJ9DM2sv/,2025-06-14 15:47:03+00:00
https://www.instagram.com/libbyvalentini/reel/DK9sQWysBqX/,2025-06-16 13:49:13+00:00
https://www.instagram.com/libbyvalentini/reel/DLBJ7B-M6kH/,2025-06-17 22:06:07+00:00
https://www.instagram.com/libbyvalentini/reel/DLFY-53MzsR/,2025-06-19 13:34:41+00:00
https://www.instagram.com/libbyvalentini/reel/DLH_VmCMSq2/,2025-06-20 13:48:18+00:00
https://www.instagram.com/libbyvalentini/reel/DLKkteoMCYl/,2025-06-21 13:53:24+00:00
https://www.instagram.com/libbyvalentini/reel/DLNJlrwsEln/,2025-06-22 13:54:07+00:00
https://www.instagram.com/libbyvalentini/reel/DLP4bu8M2LC/,2025-06-23 15:21:58+00:00
https://www.instagram.com/libbyvalentini/reel/DLSgaTyArXo/,2025-06-24 15:49:45+00:00
https://www.instagram.com/libbyvalentini/reel/DLVHDYiMT1f/,2025-06-25 16:05:51+00:00
https://www.instagram.com/libbyvalentini/reel/DLXsDgCs0f_/,2025-06-26 16:07:43+00:00
https://www.instagram.com/libbyvalentini/reel/DLaRkIlMZPt/,2025-06-27 16:13:57+00:00
https://www.instagram.com/libbyvalentini/reel/DLc2QpYsq47/,2025-06-28 16:13:03+00:00
https://www.instagram.com/libbyvalentini/reel/DLff5HKMYPh/,2025-06-29 16:55:20+00:00
https://www.instagram.com/libbyvalentini/reel/DLiGyGsM8mj/,2025-06-30 17:13:39+00:00
https://www.instagram.com/libbyvalentini/reel/DLm17O5g0Dv/,2025-07-02 13:22:31+00:00
https://www.instagram.com/libbyvalentini/reel/DLpbVYkMmaF/,2025-07-03 13:27:54+00:00
https://www.instagram.com/libbyvalentini/reel/DLsC7QOsyEj/,2025-07-04 13:52:22+00:00
https://www.instagram.com/libbyvalentini/reel/DLupxotM5EF/,2025-07-05 14:10:18+00:00
https://www.instagram.com/libbyvalentini/reel/DLxPOTeM5Zt/,2025-07-06 14:16:03+00:00
https://www.instagram.com/libbyvalentini/reel/DLz5Vl6s2Cb/,2025-07-07 15:02:29+00:00
https://www.instagram.com/libbyvalentini/reel/DL2fMxyMx9J/,2025-07-08 15:12:39+00:00
https://www.instagram.com/libbyvalentini/reel/DL5Fxs2MN8l/,2025-07-09 15:27:23+00:00
https://www.instagram.com/libbyvalentini/reel/DL7risuscEm/,2025-07-10 15:35:59+00:00
https://www.instagram.com/libbyvalentini/reel/DL-czMLszPZ/,2025-07-11 17:24:44+00:00
